{
  "images" : [
    {
      "idiom" : "iphone",
      "scale" : "1x"
    },
    {
      "resizing" : {
        "mode" : "9-part",
        "center" : {
          "mode" : "tile",
          "width" : 1,
          "height" : 1
        },
        "cap-insets" : {
          "bottom" : 46,
          "top" : 61,
          "right" : 71,
          "left" : 58
        }
      },
      "idiom" : "iphone",
      "filename" : "ReceiverTextNodeBkgHL@2x.png",
      "scale" : "2x"
    },
    {
      "resizing" : {
        "mode" : "9-part",
        "center" : {
          "mode" : "tile",
          "width" : 2,
          "height" : 1
        },
        "cap-insets" : {
          "bottom" : 69,
          "top" : 92,
          "right" : 80,
          "left" : 114
        }
      },
      "idiom" : "iphone",
      "filename" : "ReceiverTextNodeBkgHL@3x.png",
      "scale" : "3x"
    }
  ],
  "info" : {
    "version" : 1,
    "author" : "xcode"
  }
}